parent_id,child_id,origin
DB00169,DB00136,DB00169
DB00318,DB00318,DB00318
DB00318,DB06409,DB00318
DB00295,DB00295,DB00295
DB01420,DB01536,DB01420
DB00780,DB09269,DB00780
DB12406,DB12406,DB12406
DB15566,DB00635,DB15566
DB15465,DB00327,DB15465
DB14185,DB03704,DB14185
DB03766,DB04045,DB03766
DB02912,DB03699,DB02912
DB09301,DB11195,DB09301
DB09419,DB03947,DB09419
DB13235,DB09140,DB13235
DB13235,DB09145,DB13235
DB00169,DB00136,DB00169
DB09419,DB03947,DB09419
DB11358,DB00154,DB11358
DB13854,DB04557,DB13854
DB00806,DB00806,DB00806
DB11358,DB00154,DB11358
DB13854,DB04557,DB13854
DB00154,DB00917,DB00154
DB13959,DB04557,DB13959
DB14520,DB14510,DB14520
DB08908,DB04272,DB08908
DB08908,DB01677,DB08908
DB15465,DB00327,DB15465
DB15566,DB00635,DB15566
DB00169,DBMET00575,DB00169
DB00145,DBMET03082,DB00145
DB00158,DBMET02316,DB00158
DB11635,DBMET02310,DB11635
DB12532,DBMET02227,DB12532
DB12532,DBMET02228,DB12532
DB00201,DBMET00271,DB00201
DB00829,DBMET00650,DB00829
DB00795,DBMET00924,DB00795
DB00201,DBMET00271,DB00201
DB00201,DBMET00272,DB00201
DB00201,DBMET00326,DB00201
DB00451,DBMET02273,DB00451
DB00451,DBMET02274,DB00451
DB00451,DBMET00559,DB00451
DB00285,DBMET00437,DB00285
DB00285,DBMET00967,DB00285
DB03783,DBMET00580,DB03783
DB03783,DBMET00653,DB03783
DB03783,DBMET00243,DB03783
DB00321,DBMET00052,DB00321
DB00321,DBMET00053,DB00321
DB15465,DBMET00866,DB15465
DB15465,DBMET00179,DB15465
DB13783,DBMET00156,DB13783
DB13783,DBMET00157,DB13783
DB13783,DBMET00158,DB13783
DB00451,DBMET02273,DB00451
DB00451,DBMET02578,DB00451
DB00514,DBMET00595,DB00514
DB00514,DBMET01317,DB00514
DB00514,DBMET01318,DB00514
DB00321,DBMET00053,DB00321
DB09215,DBMET00304,DB09215
DB01420,DBMET01762,DB01420
DB01420,DBMET01763,DB01420
DB01420,DBMET01764,DB01420
DB01420,DBMET01765,DB01420
DB01420,DBMET01766,DB01420
DB01420,DBMET01767,DB01420
DB01420,DBMET00556,DB01420
DB01420,DBMET00558,DB01420
DB01420,DBMET02835,DB01420
DB01420,DBMET00562,DB01420
DB01420,DBMET02837,DB01420
DB01420,DBMET00571,DB01420
DB01420,DBMET00392,DB01420
DB01420,DBMET02830,DB01420
DB12911,DBMET02629,DB12911
DB12911,DBMET02630,DB12911
DB12911,DBMET02631,DB12911
DB12911,DBMET02632,DB12911
DB12911,DBMET02633,DB12911
DB12911,DBMET02634,DB12911
DB00628,DBMET00980,DB00628
DB15566,DBMET02859,DB15566
DB15566,DBMET02860,DB15566
DB15566,DBMET02861,DB15566
DB15566,DBMET02863,DB15566
DB15566,DBMET02864,DB15566
DB00688,DBMET02606,DB00688
DB00741,DBMET02902,DB00741
DB00741,DBMET02903,DB00741
DB00755,DBMET03635,DB00755
DB00755,DBMET03636,DB00755
DB00755,DBMET03638,DB00755
DB00332,DBMET01954,DB00332
DB00332,DBMET01954,DB00332
DB13952,DBMET00567,DB13952
DB13952,DBMET00568,DB13952
DB13952,DBMET00332,DB13952
DB13952,DBMET00572,DB13952
DB13952,DBMET00576,DB13952
DB13952,DBMET00581,DB13952
DB13952,DBMET00583,DB13952
DB13952,DBMET00600,DB13952
DB13952,DBMET00606,DB13952
DB13952,DBMET00248,DB13952
DB13952,DBMET01658,DB13952
DB13952,DBMET00642,DB13952
DB13952,DBMET00248,DB13952
DB00795,DBMET00924,DB00795
DB00795,DBMET03575,DB00795
DB00796,DBMET00005,DB00796
DB00796,DBMET00006,DB00796
DB00796,DBMET00007,DB00796
DB00628,DBMET01219,DB00628
DB15566,DBMET02848,DB15566
DB15566,DBMET02849,DB15566
DB15566,DBMET02850,DB15566
DB15566,DBMET02851,DB15566
DB15566,DBMET02853,DB15566
DB15566,DBMET02859,DB15566
DB15566,DBMET02860,DB15566
DB15566,DBMET02861,DB15566
DB15566,DBMET02863,DB15566
DB15566,DBMET02864,DB15566
DB01408,DBMET03275,DB01408
DB01408,DBMET03276,DB01408
DB15465,DBMET00420,DB15465
DB15465,DBMET02686,DB15465
DB15465,DBMET02687,DB15465
DB15465,DBMET02685,DB15465
DB15465,DBMET02684,DB15465
DB15465,DBMET02723,DB15465
DB01357,DBMET03018,DB01357
DB01357,DBMET00366,DB01357
DB01357,DBMET03023,DB01357
DB01357,DBMET03025,DB01357
DB01357,DBMET03029,DB01357
DB01357,DBMET03031,DB01357
DB01357,DBMET02136,DB01357
DB00755,DBMET02548,DB00755
DB00755,DBMET02554,DB00755
DB00985,DBMET00087,DB00985
DB00985,DBMET00086,DB00985
DB01235,DBMET00534,DB01235
DB01235,DBMET00565,DB01235
DB01235,DBMET00573,DB01235
DB01235,DBMET00587,DB01235
DB01235,DBMET00614,DB01235
DB00688,DBMET00767,DB00688
DB00688,DBMET00917,DB00688
DB00688,DBMET00662,DB00688
DB01039,DBMET02797,DB01039
DB01039,DBMET02798,DB01039
DB16627,DBMET03698,DB16627
DB16627,DBMET03699,DB16627
DB00985,DBMET00086,DB00985
DB00985,DBMET00087,DB00985
DB01086,DBMET03290,DB01086
DB01169,DBMET02875,DB01169
DB01169,DBMET02872,DB01169
DB01169,DBMET02874,DB01169
DB12902,DBMET00021,DB12902
DB12902,DBMET00022,DB12902
DB12902,DBMET00023,DB12902
DB12902,DBMET00024,DB12902
DB01235,DBMET02448,DB01235
DB01235,DBMET02449,DB01235
DB01235,DBMET02451,DB01235
DB01235,DBMET02450,DB01235
DB01235,DBMET02440,DB01235
DB01235,DBMET02445,DB01235
DB00795,DBMET03621,DB00795
DB01255,DBMET00540,DB01255
DB01255,DBMET03721,DB01255
DB01255,DBMET02222,DB01255
DB01420,DBMET00558,DB01420
DB01420,DBMET01585,DB01420
DB01255,DBMET00733,DB01255
DB11217,DBMET01478,DB11217
DB13854,DBMET01593,DB13854
DB13854,DBMET01594,DB13854
DB13854,DBMET01595,DB13854
DB13854,DBMET01596,DB13854
DB13854,DBMET01597,DB13854
DB13854,DBMET01598,DB13854
DB13854,DBMET01599,DB13854
DB13854,DBMET01600,DB13854
DB13854,DBMET01601,DB13854
DB13854,DBMET01602,DB13854
DB13854,DBMET01603,DB13854
DB13854,DBMET01604,DB13854
DB13854,DBMET01605,DB13854
DB13854,DBMET01606,DB13854
DB13854,DBMET01607,DB13854
DB13854,DBMET01608,DB13854
DB13854,DBMET01609,DB13854
DB13854,DBMET01610,DB13854
DB00285,DBMET02409,DB00285
DB00285,DBMET02410,DB00285
DB00285,DBMET02411,DB00285
DB00285,DBMET02412,DB00285
DB00285,DBMET00437,DB00285
DB16629,DBMET02407,DB16629
DB16629,DBMET02408,DB16629
DB16629,DBMET00651,DB16629
DB07565,DBMET03152,DB07565
DB07565,DBMET03158,DB07565
DB07565,DBMET03161,DB07565
DB07565,DBMET03162,DB07565
DB07565,DBMET03165,DB07565
DB07565,DBMET03167,DB07565
DB07565,DBMET03169,DB07565
DB08804,DBMET03358,DB08804
DB08804,DBMET03359,DB08804
DB08804,DBMET03360,DB08804
DB09042,DBMET03123,DB09042
DB09042,DBMET03125,DB09042
DB09042,DBMET03126,DB09042
DB09042,DBMET03127,DB09042
DB09419,DBMET02033,DB09419
DB00318,DBMET02018,DB00318
DB09419,DBMET02033,DB09419
DB03255,DBMET02100,DB03255
DB03255,DBMET02101,DB03255
DB11358,DBMET02087,DB11358
DB11358,DBMET02086,DB11358
DB11660,DBMET02014,DB11660
DB11660,DBMET02015,DB11660
DB01955,DBMET01477,DB01955
DB09301,DBMET02088,DB09301
DB01149,DBMET01575,DB01149
DB12151,DBMET03373,DB12151
DB11358,DBMET02087,DB11358
DB11358,DBMET02086,DB11358
DB01420,DBMET00558,DB01420
DB01420,DBMET00558,DB01420
DB01420,DBMET00558,DB01420
DB13959,DBMET03467,DB13959
DB13959,DBMET03466,DB13959
DB15465,DBMET00420,DB15465
DB15465,DBMET02686,DB15465
DB15465,DBMET02687,DB15465
DB15465,DBMET02685,DB15465
DB15465,DBMET02684,DB15465
DB15566,DBMET02848,DB15566
DB15566,DBMET02849,DB15566
DB15566,DBMET02850,DB15566
DB15566,DBMET02851,DB15566
DB15566,DBMET02853,DB15566
DB15566,DBMET02859,DB15566
DB15566,DBMET02860,DB15566
DB15566,DBMET02861,DB15566
DB15566,DBMET02863,DB15566
DB15566,DBMET02864,DB15566
DB16627,DBMET03273,DB16627
DB16627,DBMET03274,DB16627
DB16629,DBMET03284,DB16629
DB16629,DBMET00651,DB16629
DB16629,DBMET02408,DB16629
DB16629,DBMET02407,DB16629
DB00121,DBMET03073,DB00121
DB00126,DBMET03075,DB00126
DB00130,DBMET03078,DB00130
DB00130,DBMET03079,DB00130
DB00145,DB00166,DB00145
DB00153,DBMET02435,DB00153
DB00158,DBMET00528,DB00158
DB11635,DBMET02311,DB11635
DB00175,DBMET02470,DB00175
DB00175,DBMET02471,DB00175
DB00175,DBMET02474,DB00175
DB00175,DBMET02477,DB00175
DB00175,DBMET02476,DB00175
DB01255,DBMET01018,DB01255
DB00184,DBMET00519,DB00184
DB00184,DBMET00529,DB00184
DB00184,DBMET00527,DB00184
DB00184,DBMET00520,DB00184
DB00184,DBMET00533,DB00184
DB00184,DBMET00517,DB00184
DB00188,DBMET01063,DB00188
DB00188,DBMET01063,DB00188
DB00188,DBMET01065,DB00188
DB00188,DBMET01066,DB00188
DB00188,DBMET01067,DB00188
DB00188,DBMET01082,DB00188
DB00188,DBMET01084,DB00188
DB00188,DBMET01085,DB00188
DB00188,DBMET01086,DB00188
DB12532,DBMET02229,DB12532
DB00193,DBMET00966,DB00193
DB00193,DBMET00957,DB00193
DB00193,DBMET00957,DB00193
DB00193,DBMET00954,DB00193
DB00201,DBMET00611,DB00201
DB00201,DBMET00612,DB00201
DB00201,DBMET00271,DB00201
DB00201,DBMET00560,DB00201
DB00202,DBMET01477,DB00202
DB00202,DB00122,DB00202
DB00208,DBMET01202,DB00208
DB00208,DBMET01207,DB00208
DB00208,DBMET01208,DB00208
DB00208,DBMET01209,DB00208
DB00214,DBMET02230,DB00214
DB00215,DBMET03705,DB00215
DB00215,DBMET03706,DB00215
DB00215,DBMET03707,DB00215
DB00215,DBMET03707,DB00215
DB00215,DBMET03707,DB00215
DB00222,DBMET01327,DB00222
DB00238,DBMET00669,DB00238
DB00238,DBMET00727,DB00238
DB00238,DBMET00685,DB00238
DB00238,DBMET00779,DB00238
DB00238,DBMET00712,DB00238
DB00242,DBMET03775,DB00242
DB00243,DBMET02255,DB00243
DB00243,DBMET02251,DB00243
DB00245,DBMET02261,DB00245
DB00246,DBMET02985,DB00246
DB00246,DBMET02990,DB00246
DB00246,DBMET02994,DB00246
DB00250,DBMET01043,DB00250
DB00252,DBMET00990,DB00252
DB00252,DBMET00888,DB00252
DB00261,DBMET00676,DB00261
DB00281,DBMET01090,DB00281
DB00281,DBMET01090,DB00281
DB00281,DBMET01089,DB00281
DB00281,DBMET01091,DB00281
DB00281,DBMET01128,DB00281
DB00281,DBMET01129,DB00281
DB00281,DBMET01128,DB00281
DB00281,DBMET01128,DB00281
DB00281,DBMET01129,DB00281
DB00281,DBMET01129,DB00281
DB00285,DBMET00437,DB00285
DB00285,DBMET00958,DB00285
DB00289,DBMET02294,DB00289
DB00289,DBMET02305,DB00289
DB00296,DBMET03534,DB00296
DB00296,DBMET03535,DB00296
DB00296,DBMET03534,DB00296
DB00296,DBMET03535,DB00296
DB00300,DBMET01177,DB00300
DB00304,DB00294,DB00304
DB00304,DBMET00488,DB00304
DB00313,,DB00313
DB00313,DBMET01107,DB00313
DB00313,DBMET01109,DB00313
DB00313,DBMET01110,DB00313
DB00313,DBMET00062,DB00313
DB00313,DBMET01110,DB00313
DB00315,DBMET03120,DB00315
DB03783,DBMET00789,DB03783
DB00321,DBMET00052,DB00321
DB00321,DBMET00482,DB00321
DB00321,DBMET00482,DB00321
DB13783,DBMET01351,DB13783
DB00330,DBMET03257,DB00330
DB00333,DBMET01087,DB00333
DB00343,DBMET03221,DB00343
DB00343,DBMET03222,DB00343
DB00343,DBMET03226,DB00343
DB00349,DBMET03601,DB00349
DB00349,DBMET03601,DB00349
DB00352,DBMET01153,DB00352
DB00352,DBMET01154,DB00352
DB00363,DBMET03597,DB00363
DB00384,DBMET02480,DB00384
DB00394,DBMET02591,DB00394
DB00394,DBMET02591,DB00394
DB00404,DBMET02467,DB00404
DB00404,DBMET02467,DB00404
DB00404,DBMET02468,DB00404
DB00409,DBMET03194,DB00409
DB00409,DBMET03194,DB00409
DB00409,DBMET03195,DB00409
DB00412,DBMET00936,DB00412
DB00412,DBMET00936,DB00412
DB00412,DBMET00938,DB00412
DB00412,DBMET00938,DB00412
DB00412,DBMET00968,DB00412
DB00412,DBMET00969,DB00412
DB00412,DBMET01111,DB00412
DB00412,DBMET00981,DB00412
DB00412,DBMET01112,DB00412
DB00421,DBMET02483,DB00421
DB00425,DBMET01241,DB00425
DB00425,DBMET01242,DB00425
DB00441,DBMET00694,DB00441
DB00441,DBMET00858,DB00441
DB00444,DBMET01263,DB00444
DB00458,DBMET00680,DB00458
DB00458,DBMET01961,DB00458
DB01151,DBMET01956,DB01151
DB00461,DBMET02530,DB00461
DB00461,DBMET02534,DB00461
DB00461,DBMET02536,DB00461
DB00461,DBMET02537,DB00461
DB00461,DBMET02545,DB00461
DB00461,DBMET02537,DB00461
DB00461,DBMET00764,DB00461
DB00470,DBMET01220,DB00470
DB00470,DBMET01220,DB00470
DB00470,DBMET01221,DB00470
DB00470,DBMET03560,DB00470
DB00472,DBMET01363,DB00472
DB00472,DBMET00198,DB00472
DB00472,DBMET00964,DB00472
DB00476,DBMET00731,DB00476
DB00476,DBMET02506,DB00476
DB00476,DBMET02506,DB00476
DB00482,DBMET00810,DB00482
DB00497,DBMET02514,DB00497
DB00497,DBMET00427,DB00497
DB00497,DBMET00424,DB00497
DB00497,DBMET00425,DB00497
DB00497,DBMET00426,DB00497
DB00497,DBMET00424,DB00497
DB00502,DBMET01211,DB00502
DB00502,DBMET01212,DB00502
DB00514,DBMET01318,DB00514
DB00514,DBMET01319,DB00514
DB00514,DBMET01320,DB00514
DB00526,DBMET03683,DB00526
DB00531,DBMET01076,DB00531
DB00531,DBMET00658,DB00531
DB00533,DBMET01292,DB00533
DB00533,DBMET01293,DB00533
DB00533,DBMET00171,DB00533
DB00533,DBMET01294,DB00533
DB00537,DBMET02515,DB00537
DB00321,DBMET00482,DB00321
DB00549,DBMET01251,DB00549
DB00549,DBMET01254,DB00549
DB00559,DBMET01237,DB00559
DB00559,DBMET01237,DB00559
DB00564,DBMET01101,DB00564
DB00564,DBMET00681,DB00564
DB00564,DBMET00806,DB00564
DB00574,DBMET03178,DB00574
DB00574,DBMET03179,DB00574
DB00580,DBMET01340,DB00580
DB00580,DBMET01342,DB00580
DB00580,DBMET01342,DB00580
DB00580,DBMET01346,DB00580
DB00580,DBMET01347,DB00580
DB00580,DBMET01347,DB00580
DB00582,DBMET01184,DB00582
DB00582,DBMET01185,DB00582
DB00586,DBMET02608,DB00586
DB00586,DBMET02611,DB00586
DB00586,DBMET02612,DB00586
DB00586,DBMET02614,DB00586
DB00586,DBMET01258,DB00586
DB00586,DBMET02615,DB00586
DB00586,DBMET02616,DB00586
DB00586,DBMET02618,DB00586
DB00586,DBMET02620,DB00586
DB00586,DBMET02621,DB00586
DB00586,DBMET02623,DB00586
DB00598,DBMET02672,DB00598
DB00598,DBMET02674,DB00598
DB00598,DBMET02675,DB00598
DB00598,DBMET02676,DB00598
DB00603,DBMET02813,DB00603
DB00608,DBMET03063,DB00608
DB01420,DBMET02830,DB01420
DB01420,DBMET00571,DB01420
DB01420,DBMET00574,DB01420
DB01420,DBMET02832,DB01420
DB01420,DBMET02834,DB01420
DB01420,DBMET02831,DB01420
DB01420,DBMET00558,DB01420
DB01420,DBMET02831,DB01420
DB01420,DBMET00571,DB01420
DB01420,DBMET00574,DB01420
DB01420,DBMET02832,DB01420
DB01420,DBMET02834,DB01420
DB15566,DBMET02862,DB15566
DB15566,DBMET02852,DB15566
DB15566,DBMET02854,DB15566
DB15566,DBMET02856,DB15566
DB15566,DBMET02857,DB15566
DB00640,DBMET03265,DB00640
DB00648,DBMET03761,DB00648
DB00661,DBMET01234,DB00661
DB00661,DBMET01234,DB00661
DB00661,DBMET01235,DB00661
DB00661,DBMET01236,DB00661
DB00661,DBMET01234,DB00661
DB00669,DBMET02584,DB00669
DB00672,DBMET00977,DB00672
DB00674,DBMET03149,DB00674
DB00674,DBMET03150,DB00674
DB00674,DBMET03141,DB00674
DB00674,DBMET03142,DB00674
DB00675,DBMET02699,DB00675
DB00675,DBMET01044,DB00675
DB00675,DBMET02705,DB00675
DB00675,DBMET02704,DB00675
DB00675,DBMET01044,DB00675
DB00675,DBMET00737,DB00675
DB00675,DBMET02702,DB00675
DB00675,DBMET02714,DB00675
DB00678,DBMET00303,DB00678
DB00682,DBMET02563,DB00682
DB00682,DBMET02564,DB00682
DB00682,DBMET02563,DB00682
DB00682,DBMET02564,DB00682
DB00683,DBMET03615,DB00683
DB00683,DBMET03615,DB00683
DB00683,DBMET03616,DB00683
DB00683,DBMET03617,DB00683
DB00683,DBMET03618,DB00683
DB00683,DBMET03619,DB00683
DB00694,DBMET03406,DB00694
DB00694,DBMET03405,DB00694
DB00694,DBMET03406,DB00694
DB00706,DBMET02493,DB00706
DB00706,DBMET02494,DB00706
DB00706,DBMET02495,DB00706
DB00706,DBMET02496,DB00706
DB00706,DBMET02497,DB00706
DB00706,DBMET02498,DB00706
DB00717,DBMET02892,DB00717
DB00717,DBMET02893,DB00717
DB00717,DBMET02895,DB00717
DB00717,DBMET02896,DB00717
DB00731,DBMET01322,DB00731
DB00731,DBMET01322,DB00731
DB00731,DBMET01322,DB00731
DB00744,DBMET01255,DB00744
DB00755,DBMET00455,DB00755
DB00755,DBMET03637,DB00755
DB00758,DBMET01163,DB00758
DB00763,DBMET02760,DB00763
DB00763,DBMET02769,DB00763
DB00770,DBMET03613,DB00770
DB00773,DBMET01265,DB00773
DB00776,DBMET02803,DB00776
DB00776,DBMET02804,DB00776
DB00776,DBMET02803,DB00776
DB00776,DBMET02804,DB00776
DB00776,DBMET02805,DB00776
DB00776,DBMET02806,DB00776
DB00780,DBMET01954,DB00780
DB13952,DBMET01658,DB13952
DB13952,DBMET00247,DB13952
DB13952,DBMET03006,DB13952
DB13952,DBMET03007,DB13952
DB00788,DBMET01259,DB00788
DB00788,DBMET01260,DB00788
DB00788,DBMET01261,DB00788
DB00795,DBMET03576,DB00795
DB00806,DBMET03235,DB00806
DB00808,DBMET01332,DB00808
DB00808,DBMET01335,DB00808
DB00808,DBMET01337,DB00808
DB00813,DBMET02570,DB00813
DB00814,DBMET00754,DB00814
DB00818,DBMET01311,DB00818
DB00818,DBMET01311,DB00818
DB00818,DBMET01312,DB00818
DB00853,DBMET03268,DB00853
DB00853,DBMET03269,DB00853
DB00857,DBMET01178,DB00857
DB00857,DBMET01179,DB00857
DB00857,DBMET01179,DB00857
DB00857,DBMET01180,DB00857
DB00857,DBMET01181,DB00857
DB00857,DBMET01205,DB00857
DB00857,DBMET01206,DB00857
DB00857,DBMET01205,DB00857
DB00857,DBMET01206,DB00857
DB15566,DBMET02852,DB15566
DB15566,DBMET02854,DB15566
DB15566,DBMET02856,DB15566
DB15566,DBMET02857,DB15566
DB15566,DBMET02862,DB15566
DB14596,DBMET02134,DB14596
DB00881,DBMET02776,DB00881
DB00921,DBMET01295,DB00921
DB00921,DBMET01295,DB00921
DB00949,DBMET01094,DB00949
DB00953,DBMET03670,DB00953
DB15465,DBMET02685,DB15465
DB15465,DBMET02684,DB15465
DB15465,DBMET02728,DB15465
DB15465,DBMET02724,DB15465
DB15465,DBMET02725,DB15465
DB15465,DBMET02726,DB15465
DB15465,DBMET02727,DB15465
DB15465,DBMET02726,DB15465
DB15465,DBMET02727,DB15465
DB15465,DBMET02724,DB15465
DB15465,DBMET02725,DB15465
DB00957,DB09389,DB00957
DB00959,DBMET02921,DB00959
DB00959,DBMET02922,DB00959
DB00959,DBMET02925,DB00959
DB00959,DBMET02924,DB00959
DB00959,DBMET02927,DB00959
DB00959,DBMET02928,DB00959
DB00959,DBMET02932,DB00959
DB00959,DBMET02933,DB00959
DB00959,DBMET02934,DB00959
DB00960,DBMET03288,DB00960
DB00960,DBMET03289,DB00960
DB00968,DBMET00704,DB00968
DB00968,DBMET00784,DB00968
DB00968,DBMET03314,DB00968
DB00190,DBMET03316,DB00190
DB00973,DBMET02117,DB00973
DB01357,DBMET03022,DB01357
DB01357,DBMET03024,DB01357
DB01357,DBMET03028,DB01357
DB01357,DBMET03030,DB01357
DB01357,DBMET03032,DB01357
DB00755,DBMET02549,DB00755
DB00755,DBMET02552,DB00755
DB00983,DBMET02957,DB00983
DB00983,DBMET02958,DB00983
DB00983,DBMET02962,DB00983
DB00985,DBMET01200,DB00985
DB00993,DBMET01009,DB00993
DB00993,DBMET02964,DB00993
DB00993,DBMET01010,DB00993
DB00997,DBMET01079,DB00997
DB00997,DBMET00847,DB00997
DB00997,DBMET00847,DB00997
DB00997,DBMET01078,DB00997
DB01006,DBMET00376,DB01006
DB01015,DBMET01048,DB01015
DB01015,DBMET01048,DB01015
DB01015,DBMET01049,DB01015
DB01018,DBMET02969,DB01018
DB01018,DBMET02970,DB01018
DB01022,DBMET03368,DB01022
DB01026,DBMET02654,DB01026
DB01026,DBMET02656,DB01026
DB01026,DBMET02657,DB01026
DB01026,DBMET02658,DB01026
DB01026,DBMET02661,DB01026
DB01026,DBMET02665,DB01026
DB01029,DBMET01055,DB01029
DB01029,DBMET01055,DB01029
DB01029,DBMET01055,DB01029
DB01029,DBMET01057,DB01029
DB01033,DBMET01151,DB01033
DB01033,DBMET01158,DB01033
DB01033,DBMET01159,DB01033
DB00352,DBMET01153,DB00352
DB00352,DBMET01154,DB00352
DB01036,DBMET01256,DB01036
DB01036,DBMET01256,DB01036
DB01036,DBMET01257,DB01036
DB01039,DBMET02799,DB01039
DB01041,DBMET01120,DB01041
DB01041,DBMET00034,DB01041
DB01041,DBMET01117,DB01041
DB01041,DBMET01114,DB01041
DB01041,DBMET01117,DB01041
DB01041,DBMET01119,DB01041
DB01041,DBMET01120,DB01041
DB01041,DBMET03444,DB01041
DB01041,DBMET03444,DB01041
DB01041,DB02746,DB01041
DB01041,DBMET03446,DB01041
DB01050,DBMET00808,DB01050
DB01060,DBMET03000,DB01060
DB01065,DBMET00763,DB01065
DB01065,DBMET00926,DB01065
DB01065,DBMET00925,DB01065
DB01065,DBMET00762,DB01065
DB01065,DBMET01360,DB01065
DB01068,DBMET03609,DB01068
DB01068,DBMET03611,DB01068
DB01068,DBMET02278,DB01068
DB00985,DBMET01200,DB00985
DB01076,DBMET01266,DB01076
DB01076,DBMET01267,DB01076
DB01076,DBMET02422,DB01076
DB01076,DBMET02423,DB01076
DB01086,DBMET03290,DB01086
DB01088,DBMET03768,DB01088
DB01101,DBMET00656,DB01101
DB00322,DBMET03581,DB00322
DB00322,DBMET03584,DB00322
DB00322,DBMET03586,DB00322
DB00322,DBMET03591,DB00322
DB01115,DBMET02976,DB01115
DB01120,DBMET01328,DB01120
DB01132,DBMET01303,DB01132
DB01132,DBMET01304,DB01132
DB01132,DBMET01307,DB01132
DB01132,DBMET01303,DB01132
DB01142,DBMET00834,DB01142
DB01142,DBMET00845,DB01142
DB01142,DBMET00881,DB01142
DB01142,DBMET00872,DB01142
DB01142,DBMET00874,DB01142
DB01151,DBMET00679,DB01151
DB01156,DBMET03485,DB01156
DB01156,DBMET03486,DB01156
DB01156,DBMET03477,DB01156
DB01156,DBMET03480,DB01156
DB01156,DBMET03474,DB01156
DB01156,DBMET03480,DB01156
DB01156,DBMET03487,DB01156
DB01156,DBMET03488,DB01156
DB01156,DBMET03490,DB01156
DB01156,DBMET03489,DB01156
DB01156,DBMET03469,DB01156
DB01156,DBMET03471,DB01156
DB01156,DBMET03474,DB01156
DB01156,DBMET03475,DB01156
DB01156,DBMET03477,DB01156
DB01156,DBMET03478,DB01156
DB01156,DBMET03480,DB01156
DB01156,DBMET03481,DB01156
DB01161,DBMET03557,DB01161
DB01162,DBMET02359,DB01162
DB01171,DBMET02151,DB01171
DB01174,DBMET01217,DB01174
DB01174,DBMET01218,DB01174
DB01175,DBMET03673,DB01175
DB01175,DBMET02783,DB01175
DB01175,DBMET02782,DB01175
DB01175,DBMET02783,DB01175
DB01175,DBMET02783,DB01175
DB12902,DBMET03248,DB12902
DB12902,DBMET01077,DB12902
DB12902,DBMET00792,DB12902
DB12902,DBMET01100,DB12902
DB01217,DBMET02827,DB01217
DB01221,DBMET01308,DB01221
DB01221,DBMET01309,DB01221
DB01221,DBMET01310,DB01221
DB01221,DBMET01310,DB01221
DB01221,DBMET01309,DB01221
DB01221,DBMET01308,DB01221
DB01222,DBMET02913,DB01222
DB01227,DBMET00843,DB01227
DB01234,DB01234,DB01234
DB01235,DBMET02447,DB01235
DB01235,DBMET02441,DB01235
DB01235,DBMET02446,DB01235
DB01238,DBMET02455,DB01238
DB01238,DBMET02456,DB01238
DB01238,DBMET02458,DB01238
DB01238,DBMET02465,DB01238
DB01242,DBMET00835,DB01242
DB01242,DBMET01069,DB01242
DB01242,DBMET01071,DB01242
DB01242,DBMET01072,DB01242
DB01242,DBMET01073,DB01242
DB01255,DBMET03722,DB01255
DB01261,DBMET02433,DB01261
DB01262,DBMET03188,DB01262
DB01262,DBMET03191,DB01262
DB01275,DBMET02814,DB01275
DB01275,DBMET00864,DB01275
DB01275,DBMET02815,DB01275
DB01275,DBMET02815,DB01275
DB01275,DBMET02819,DB01275
DB01275,DBMET02821,DB01275
DB01280,DBMET03664,DB01280
DB01280,DB02377,DB01280
DB01280,DB02377,DB01280
DB01283,DBMET01275,DB01283
DB01283,DBMET01281,DB01283
DB01283,DBMET01282,DB01283
DB01283,DBMET01284,DB01283
DB01283,DBMET01284,DB01283
DB01355,DBMET01214,DB01355
DB01355,DBMET01216,DB01355
DB01413,DBMET00960,DB01413
DB01420,DBMET00593,DB01420
DB01452,DBMET00313,DB01452
DB01586,DB06777,DB01586
DB01589,DBMET00933,DB01589
DB01589,DBMET03600,DB01589
DB01601,DBMET03071,DB01601
DB01620,DBMET02636,DB01620
DB01628,DBMET01271,DB01628
DB01628,DBMET01272,DB01628
DB01628,DBMET01273,DB01628
DB04817,DBMET03542,DB04817
DB04817,DBMET03543,DB04817
DB04854,DBMET03281,DB04854
DB04855,DBMET02839,DB04855
DB04855,DBMET02840,DB04855
DB04855,DBMET02842,DB04855
DB04855,DBMET02843,DB04855
DB04896,DBMET02301,DB04896
DB04948,DBMET02113,DB04948
DB04948,DBMET02112,DB04948
DB04951,DBMET03219,DB04951
DB05109,DBMET01137,DB05109
DB05351,DBMET03754,DB05351
DB05351,DBMET03757,DB05351
DB05351,DBMET03756,DB05351
DB05676,DBMET02625,DB05676
DB06016,DBMET03492,DB06016
DB06204,DBMET03693,DB06204
DB06207,DBMET03296,DB06207
DB06207,DBMET03297,DB06207
DB06209,DBMET00483,DB06209
DB06230,DBMET01861,DB06230
DB06230,DBMET01862,DB06230
DB06237,DBMET03271,DB06237
DB06263,DBMET02165,DB06263
DB06282,DBMET02649,DB06282
DB06403,DBMET01406,DB06403
DB06419,DBMET03135,DB06419
DB06419,DBMET03137,DB06419
DB06419,DBMET03137,DB06419
DB06448,DBMET03218,DB06448
DB06480,DBMET02198,DB06480
DB06636,DBMET03759,DB06636
DB06670,DBMET01473,DB06670
DB06670,DBMET01475,DB06670
DB06695,DB14726,DB06695
DB06695,DB14726,DB06695
DB06695,DBMET03390,DB06695
DB14726,DBMET03380,DB14726
DB14726,DBMET03382,DB14726
DB14726,DBMET03382,DB14726
DB14726,DBMET03385,DB14726
DB14726,DBMET02414,DB14726
DB14726,DBMET02415,DB14726
DB14726,DBMET02416,DB14726
DB14726,DBMET03387,DB14726
DB14726,DBMET03388,DB14726
DB14726,DBMET03389,DB14726
DB00285,DBMET00958,DB00285
DB06738,DBMET01296,DB06738
DB06738,DBMET01298,DB06738
DB06738,DBMET01299,DB06738
DB06751,DBMET03304,DB06751
DB06751,DBMET03304,DB06751
DB06755,DBMET02046,DB06755
DB06769,DBMET01424,DB06769
DB06824,DBMET01457,DB06824
DB07565,DBMET03159,DB07565
DB07565,DBMET03162,DB07565
DB07565,DBMET03163,DB07565
DB07565,DBMET03164,DB07565
DB07565,DBMET03166,DB07565
DB07565,DBMET03168,DB07565
DB07565,DBMET03163,DB07565
DB07565,DBMET03164,DB07565
DB08804,DBMET03361,DB08804
DB08804,DBMET03362,DB08804
DB08822,DBMET03336,DB08822
DB08822,DBMET03337,DB08822
DB08828,DBMET03661,DB08828
DB08828,DBMET03662,DB08828
DB08860,DBMET03740,DB08860
DB08864,DBMET01866,DB08864
DB08864,DBMET01869,DB08864
DB08877,DBMET03263,DB08877
DB08881,DBMET01855,DB08881
DB08881,DBMET01856,DB08881
DB08882,DBMET02384,DB08882
DB08882,DBMET02385,DB08882
DB08882,DBMET02384,DB08882
DB08882,DBMET02389,DB08882
DB08893,DBMET03331,DB08893
DB08893,DBMET03333,DB08893
DB08893,DBMET03334,DB08893
DB08899,DBMET03550,DB08899
DB08906,DBMET03674,DB08906
DB08911,DBMET03642,DB08911
DB08911,DBMET03644,DB08911
DB08912,DBMET03511,DB08912
DB08921,DBMET01191,DB08921
DB08921,DBMET01191,DB08921
DB08930,DBMET03561,DB08930
DB08930,DBMET01873,DB08930
DB08932,DBMET03420,DB08932
DB08932,DBMET03421,DB08932
DB08932,DBMET03425,DB08932
DB08934,DBMET01382,DB08934
DB08949,DBMET01487,DB08949
DB09039,DBMET03449,DB09039
DB09039,DBMET03453,DB09039
DB09039,DBMET03454,DB09039
DB09042,DBMET03124,DB09042
DB09042,DBMET03124,DB09042
DB09042,DBMET03127,DB09042
DB09053,DBMET02024,DB09053
DB09053,DBMET02026,DB09053
DB09053,DBMET02028,DB09053
DB09053,DBMET02024,DB09053
DB09059,DBMET02066,DB09059
DB09059,DBMET02067,DB09059
DB09068,DBMET01390,DB09068
DB09069,DBMET03346,DB09069
DB09069,DBMET03347,DB09069
DB09069,DBMET03349,DB09069
DB09069,DBMET03350,DB09069
DB09069,DBMET03351,DB09069
DB09069,DBMET03352,DB09069
DB09072,DBMET01477,DB09072
DB09072,DBMET01477,DB09072
DB09074,DBMET03441,DB09074
DB09076,DBMET03680,DB09076
DB09079,DBMET02778,DB09079
DB09081,DBMET01522,DB09081
DB09089,DBMET01504,DB09089
DB09089,DBMET01506,DB09089
DB09096,DB09157,DB09096
DB09096,DBMET03364,DB09096
DB09116,DBMET01897,DB09116
DB09116,DBMET01898,DB09116
DB09119,DBMET01413,DB09119
DB09167,DBMET01520,DB09167
DB09173,DBMET02692,DB09173
DB09173,DBMET02694,DB09173
DB09185,DBMET03494,DB09185
DB09194,DBMET02172,DB09194
DB09194,DBMET02175,DB09194
DB09194,DBMET02176,DB09194
DB09194,DBMET02177,DB09194
DB09194,DBMET02178,DB09194
DB09194,DBMET02177,DB09194
DB09194,DBMET02176,DB09194
DB09194,DBMET02183,DB09194
DB09194,DBMET02184,DB09194
DB09205,DBMET01915,DB09205
DB09205,DBMET01916,DB09205
DB09205,DBMET01918,DB09205
DB09216,DBMET01932,DB09216
DB09216,DBMET01933,DB09216
DB09216,DBMET01936,DB09216
DB09216,DBMET01938,DB09216
DB09216,DBMET01939,DB09216
DB09216,DBMET01940,DB09216
DB09223,DBMET01889,DB09223
DB09223,DBMET01891,DB09223
DB09223,DBMET01894,DB09223
DB09227,DBMET01900,DB09227
DB09227,DBMET01902,DB09227
DB09229,DBMET01950,DB09229
DB09229,DBMET01951,DB09229
DB09229,DBMET01951,DB09229
DB09237,DBMET02938,DB09237
DB09237,DBMET02940,DB09237
DB09256,DB00544,DB09256
DB06697,DBMET03143,DB06697
DB00300,DBMET01177,DB00300
DB09300,DBMET01510,DB09300
DB00322,DBMET02004,DB00322
DB00322,DBMET01999,DB00322
DB00322,DBMET02000,DB00322
DB09546,DBMET01493,DB09546
DB09570,DBMET03785,DB09570
DB09570,DBMET03786,DB09570
DB09570,DBMET03783,DB09570
DB11094,DBMET00608,DB11094
DB11127,DBMET01458,DB11127
DB11127,DBMET01461,DB11127
DB11127,DBMET01460,DB11127
DB01452,DBMET00313,DB01452
DB01452,DB06409,DB01452
DB01452,DBMET00462,DB01452
DB00295,DBMET02018,DB00295
DB11219,DBMET02092,DB11219
DB11251,DBMET02035,DB11251
DB11362,DBMET02144,DB11362
DB11586,DBMET02051,DB11586
DB11637,DBMET01966,DB11637
DB11637,DBMET01968,DB11637
DB11637,DBMET01972,DB11637
DB11660,DB01955,DB11660
DB11677,DBMET03173,DB11677
DB11677,DBMET03174,DB11677
DB11677,DBMET03175,DB11677
DB11677,DBMET03176,DB11677
DB11682,DBMET03603,DB11682
DB11682,DBMET03605,DB11682
DB11689,DBMET03099,DB11689
DB11689,DBMET03101,DB11689
DB11689,DBMET03101,DB11689
DB11689,DBMET03103,DB11689
DB11703,DBMET02879,DB11703
DB11703,DBMET02880,DB11703
DB11703,DBMET02881,DB11703
DB11703,DBMET02883,DB11703
DB11703,DBMET02884,DB11703
DB11703,DBMET02886,DB11703
DB09301,DBMET02089,DB09301
DB11739,DBMET03565,DB11739
DB11757,DBMET02751,DB11757
DB11757,DBMET02752,DB11757
DB11763,DBMET03718,DB11763
DB11763,DBMET03710,DB11763
DB11763,DBMET03712,DB11763
DB11763,DBMET03711,DB11763
DB11763,DBMET03712,DB11763
DB11793,DBMET03568,DB11793
DB11827,DBMET01907,DB11827
DB11827,DBMET01908,DB11827
DB11901,DBMET03639,DB11901
DB11915,DBMET03700,DB11915
DB11915,DBMET03701,DB11915
DB11986,DBMET02747,DB11986
DB11986,DBMET02749,DB11986
DB12010,DBMET02095,DB12010
DB12010,DBMET02096,DB12010
DB12016,DBMET03310,DB12016
DB12016,DBMET03312,DB12016
DB12016,DBMET03309,DB12016
DB12016,DBMET03310,DB12016
DB12016,DBMET03310,DB12016
DB12184,DBMET03724,DB12184
DB12184,DBMET03724,DB12184
DB12184,DBMET03726,DB12184
DB12184,DBMET03726,DB12184
DB12265,DBMET03403,DB12265
DB12332,DBMET03520,DB12332
DB12332,DBMET03521,DB12332
DB12364,DBMET01537,DB12364
DB12364,DBMET01538,DB12364
DB12473,DBMET03766,DB12473
DB12489,DBMET03571,DB12489
DB13293,DBMET02107,DB13293
DB13293,DBMET02106,DB13293
DB13609,DBMET03050,DB13609
DB13609,DBMET03051,DB13609
DB13609,DBMET03052,DB13609
DB13609,DBMET03053,DB13609
DB13609,DBMET03054,DB13609
DB13609,DBMET03055,DB13609
DB13609,DBMET03056,DB13609
DB13609,DBMET03057,DB13609
DB13609,DBMET03058,DB13609
DB13609,DBMET03059,DB13609
DB13609,DBMET03060,DB13609
DB13609,DBMET03061,DB13609
DB13609,DBMET03062,DB13609
DB13729,DBMET03118,DB13729
DB13746,DBMET02077,DB13746
DB13783,DBMET02185,DB13783
DB13783,DBMET02186,DB13783
DB13783,DBMET02187,DB13783
DB13928,DBMET01887,DB13928
DB13941,DBMET01948,DB13941
DB01420,DBMET00593,DB01420
DB01420,DBMET00593,DB01420
DB13946,DBMET03175,DB13946
DB01420,DBMET02381,DB01420
DB01420,DBMET02382,DB01420
DB13960,DBMET02074,DB13960
DB13960,DBMET02075,DB13960
DB13960,DB12529,DB13960
DB11251,DBMET02035,DB11251
DB11251,DBMET02035,DB11251
DB11251,DBMET02035,DB11251
DB14009,DBMET02064,DB14009
DB00300,DBMET01177,DB00300
DB14185,DB01238,DB14185
DB14512,DBMET02367,DB14512
DB14512,DBMET02369,DB14512
DB14512,DBMET02369,DB14512
DB14568,DBMET03504,DB14568
DB14761,DBMET03215,DB14761
DB14761,DBMET03036,DB14761
DB14761,DBMET03036,DB14761
DB14881,DBMET03207,DB14881
DB14921,DBMET03498,DB14921
DB15465,DBMET02685,DB15465
DB15465,DBMET02684,DB15465
DB15566,DBMET02852,DB15566
DB15566,DBMET02854,DB15566
DB15566,DBMET02856,DB15566
DB15566,DBMET02857,DB15566
DB15566,DBMET02862,DB15566
DB15719,DBMET03202,DB15719
DB15719,DBMET03203,DB15719
DB15719,DBMET03204,DB15719
DB16165,DBMET03396,DB16165
DB16165,DBMET03400,DB16165
DB16200,DBMET03747,DB16200
DB16217,DBMET03656,DB16217
DB16217,DBMET03656,DB16217
DB16629,DBMET03283,DB16629
DB16629,DBMET03282,DB16629
DB00121,DB00121,DB00121
DB00126,DBMET00552,DB00126
DB00126,DBMET03076,DB00126
DB00126,DBMET03077,DB00126
DB00130,DB00129,DB00130
DB11635,DBMET02320,DB11635
DB00188,DBMET01064,DB00188
DB00188,DBMET01068,DB00188
DB00193,DBMET00956,DB00193
DB00193,DBMET00956,DB00193
DB00215,DBMET03706,DB00215
DB00242,DBMET00677,DB00242
DB00246,DBMET02991,DB00246
DB00250,DBMET01045,DB00250
DB00252,DBMET00989,DB00252
DB00252,DBMET00989,DB00252
DB00281,DBMET01089,DB00281
DB00313,DBMET01108,DB00313
DB00315,DBMET03121,DB00315
DB00343,DBMET03223,DB00343
DB00352,DBMET01155,DB00352
DB00352,DBMET01156,DB00352
DB00409,DBMET03196,DB00409
DB00409,DBMET03196,DB00409
DB00409,DBMET03196,DB00409
DB00412,DBMET00937,DB00412
DB00412,DBMET01113,DB00412
DB00421,DBMET02484,DB00421
DB00421,DBMET02485,DB00421
DB00421,DBMET03697,DB00421
DB00441,DBMET00859,DB00441
DB00461,DBMET02523,DB00461
DB00461,DBMET02529,DB00461
DB00461,DBMET02531,DB00461
DB00461,DBMET02531,DB00461
DB00461,DBMET02538,DB00461
DB00461,DBMET02541,DB00461
DB00461,DBMET02546,DB00461
DB00461,DBMET02538,DB00461
DB00461,DBMET02541,DB00461
DB00470,DBMET03558,DB00470
DB00472,DBMET01364,DB00472
DB00476,DBMET02507,DB00476
DB00476,DBMET02507,DB00476
DB00482,DBMET00813,DB00482
DB00502,DBMET01212,DB00502
DB00526,DBMET03684,DB00526
DB00526,DBMET03686,DB00526
DB00526,DBMET03688,DB00526
DB00526,DBMET03690,DB00526
DB00531,DBMET01088,DB00531
DB00531,DBMET01123,DB00531
DB00531,DBMET01088,DB00531
DB00531,DBMET01126,DB00531
DB00531,DBMET01147,DB00531
DB00549,DBMET01252,DB00549
DB00549,DBMET01253,DB00549
DB00564,DBMET00684,DB00564
DB00564,DBMET02601,DB00564
DB00574,DBMET03180,DB00574
DB00574,DBMET03181,DB00574
DB00580,DBMET01341,DB00580
DB00582,DBMET01186,DB00582
DB00586,DBMET02609,DB00586
DB00598,DBMET02677,DB00598
DB00598,DBMET02678,DB00598
DB00608,DBMET03064,DB00608
DB15566,DBMET02855,DB15566
DB15566,DBMET02858,DB15566
DB00640,DB00171,DB00640
DB00674,DBMET03151,DB00674
DB00674,DBMET03153,DB00674
DB00674,DBMET03156,DB00674
DB00675,DBMET01044,DB00675
DB00675,DBMET02702,DB00675
DB00675,DBMET02700,DB00675
DB00675,DBMET00737,DB00675
DB00675,DBMET02702,DB00675
DB00675,DBMET02700,DB00675
DB00675,DBMET00737,DB00675
DB00675,DBMET02715,DB00675
DB00675,DBMET02719,DB00675
DB00675,DBMET02719,DB00675
DB00675,DBMET02702,DB00675
DB00675,DBMET02700,DB00675
DB00675,DBMET02719,DB00675
DB00694,DBMET03406,DB00694
DB00694,DBMET03408,DB00694
DB00694,DBMET03407,DB00694
DB00694,DBMET03407,DB00694
DB00694,DBMET03408,DB00694
DB00718,DBMET01175,DB00718
DB00755,DBMET03632,DB00755
DB00763,DBMET02761,DB00763
DB00763,DBMET02762,DB00763
DB00770,DBMET03614,DB00770
DB01420,DBMET03005,DB01420
DB00808,DBMET01333,DB00808
DB00808,DBMET01333,DB00808
DB15566,DBMET02855,DB15566
DB15566,DBMET02858,DB15566
DB00949,DBMET01095,DB00949
DB00949,DBMET01096,DB00949
DB00949,DBMET01097,DB00949
DB00968,DBMET03315,DB00968
DB00755,DBMET02550,DB00755
DB00755,DBMET02550,DB00755
DB00985,DBMET01201,DB00985
DB00993,DBMET02965,DB00993
DB00993,DBMET00771,DB00993
DB00997,DBMET03628,DB00997
DB00997,DBMET03628,DB00997
DB01006,DBMET02983,DB01006
DB01015,DBMET01050,DB01015
DB01026,DBMET02659,DB01026
DB01026,DBMET02662,DB01026
DB01026,DBMET02666,DB01026
DB01026,DBMET02667,DB01026
DB01029,DBMET01056,DB01029
DB01029,DBMET01056,DB01029
DB01029,DBMET01056,DB01029
DB01029,DBMET01056,DB01029
DB01033,DBMET01152,DB01033
DB01033,DBMET01160,DB01033
DB00352,DBMET01155,DB00352
DB00352,DBMET01156,DB00352
DB01041,DB00130,DB01041
DB01041,DB02746,DB01041
DB01041,DB03091,DB01041
DB01041,DB02746,DB01041
DB01041,DB00130,DB01041
DB01041,DB02746,DB01041
DB01041,DBMET01121,DB01041
DB01041,DBMET01121,DB01041
DB01041,DBMET01121,DB01041
DB01041,DBMET01121,DB01041
DB01041,DBMET01121,DB01041
DB01060,DBMET03001,DB01060
DB01068,DBMET03608,DB01068
DB00985,DBMET01201,DB00985
DB00985,DBMET02238,DB00985
DB01101,DBMET00449,DB01101
DB00322,DBMET03582,DB00322
DB00322,DBMET03585,DB00322
DB00322,DBMET03589,DB00322
DB00322,DBMET03586,DB00322
DB00322,DBMET03589,DB00322
DB01142,DBMET00879,DB01142
DB01156,DBMET03482,DB01156
DB01156,DBMET03483,DB01156
DB01175,DBMET03673,DB01175
DB12902,DBMET01102,DB12902
DB12902,DBMET01103,DB12902
DB12902,DBMET01126,DB12902
DB12902,DBMET01127,DB12902
DB01222,DBMET00353,DB01222
DB01235,DBMET02442,DB01235
DB01235,DBMET02442,DB01235
DB01238,DBMET02457,DB01238
DB01238,DBMET02459,DB01238
DB01238,DBMET02460,DB01238
DB01238,DBMET02466,DB01238
DB01242,DBMET01074,DB01242
DB01242,DBMET01075,DB01242
DB01262,DBMET03189,DB01262
DB01275,DBMET02822,DB01275
DB01275,DBMET02823,DB01275
DB01280,DBMET03665,DB01280
DB01283,DBMET01276,DB01283
DB01283,DBMET01283,DB01283
DB01283,DBMET01285,DB01283
DB01283,DBMET01285,DB01283
DB01355,DBMET01215,DB01355
DB01438,DBMET02711,DB01438
DB04817,DBMET03544,DB04817
DB04855,DBMET02841,DB04855
DB04855,DBMET02844,DB04855
DB06670,DBMET01474,DB06670
DB06695,DBMET03391,DB06695
DB14726,DBMET03383,DB14726
DB14726,DBMET03383,DB14726
DB14726,DBMET03386,DB14726
DB07565,DBMET03160,DB07565
DB08860,DBMET03741,DB08860
DB08882,DBMET02390,DB08882
DB08882,DBMET02391,DB08882
DB08899,DBMET03551,DB08899
DB08912,DBMET03512,DB08912
DB08932,DBMET03426,DB08932
DB08934,DBMET01383,DB08934
DB08949,DBMET01488,DB08949
DB09039,DBMET03450,DB09039
DB09039,DBMET03451,DB09039
DB09039,DBMET03451,DB09039
DB09039,DBMET03454,DB09039
DB09081,DBMET01523,DB09081
DB09089,DBMET01507,DB09089
DB09194,DBMET02173,DB09194
DB09194,DBMET02174,DB09194
DB09205,DBMET01917,DB09205
DB09205,DBMET01919,DB09205
DB09216,DBMET01941,DB09216
DB09223,DBMET01895,DB09223
DB09227,DBMET01903,DB09227
DB09229,DBMET01953,DB09229
DB09229,DBMET01953,DB09229
DB09237,DBMET02941,DB09237
DB06697,DBMET03144,DB06697
DB00322,DBMET02005,DB00322
DB11127,DBMET01462,DB11127
DB11219,DBMET02093,DB11219
DB11251,DBMET02036,DB11251
DB11637,DBMET01967,DB11637
DB11637,DBMET01969,DB11637
DB11637,DBMET01970,DB11637
DB11677,DBMET03177,DB11677
DB11682,DBMET03603,DB11682
DB11703,DBMET02887,DB11703
DB09301,DB03501,DB09301
DB11763,DBMET03719,DB11763
DB11763,DBMET03711,DB11763
DB12010,DBMET02097,DB12010
DB12010,DBMET02098,DB12010
DB12010,DBMET02099,DB12010
DB12016,DBMET03309,DB12016
DB12095,DBMET03554,DB12095
DB12364,DBMET01539,DB12364
DB13746,DBMET02078,DB13746
DB11677,DBMET03176,DB11677
DB11251,DBMET02036,DB11251
DB11251,DBMET02036,DB11251
DB11251,DBMET02036,DB11251
DB14761,DBMET03035,DB14761
DB14761,DB15686,DB14761
DB14761,DBMET03038,DB14761
DB14761,DB15686,DB14761
DB14761,DBMET03038,DB14761
DB15566,DBMET02855,DB15566
DB15566,DBMET02858,DB15566
DB16165,DBMET03397,DB16165
DB16165,DBMET03401,DB16165
DB11635,DBMET02321,DB11635
DB00246,DBMET02992,DB00246
DB00250,DBMET01046,DB00250
DB00252,DBMET00992,DB00252
DB00252,DBMET00991,DB00252
DB00252,DBMET00992,DB00252
DB00252,DBMET00991,DB00252
DB00352,DBMET01157,DB00352
DB00455,DBMET02792,DB00455
DB00461,DBMET02525,DB00461
DB00461,DBMET02532,DB00461
DB00461,DBMET02532,DB00461
DB00461,DBMET02539,DB00461
DB00461,DBMET02542,DB00461
DB00461,DBMET02539,DB00461
DB00461,DBMET02542,DB00461
DB00476,DBMET00750,DB00476
DB00476,DBMET02509,DB00476
DB00476,DBMET00750,DB00476
DB00476,DBMET02509,DB00476
DB00526,DBMET03685,DB00526
DB00526,DBMET03687,DB00526
DB00526,DBMET03689,DB00526
DB00531,DBMET01125,DB00531
DB00549,DBMET01253,DB00549
DB00564,DBMET02600,DB00564
DB00582,DBMET01187,DB00582
DB15566,DBMET02856,DB15566
DB15566,DBMET02856,DB15566
DB00674,DBMET03157,DB00674
DB00675,DBMET02716,DB00675
DB00694,DBMET03409,DB00694
DB00694,DBMET03410,DB00694
DB00694,DBMET03409,DB00694
DB00694,DBMET03410,DB00694
DB00763,DBMET02765,DB00763
DB15566,DBMET02856,DB15566
DB15566,DBMET02856,DB15566
DB00949,DBMET01098,DB00949
DB00755,DBMET02552,DB00755
DB00993,DBMET02966,DB00993
DB00993,DBMET00769,DB00993
DB00997,DBMET03629,DB00997
DB00997,DBMET03630,DB00997
DB00997,DBMET03629,DB00997
DB00997,DBMET03630,DB00997
DB01026,DBMET02663,DB01026
DB01026,DBMET02664,DB01026
DB01026,DBMET02668,DB01026
DB01033,DBMET01158,DB01033
DB00352,DBMET01157,DB00352
DB01041,DB00142,DB01041
DB01041,DB02746,DB01041
DB01041,DB00142,DB01041
DB01041,DB02746,DB01041
DB01041,DB00142,DB01041
DB01041,DB02746,DB01041
DB01041,DB00142,DB01041
DB01041,DB02746,DB01041
DB01041,DB00142,DB01041
DB01041,DB02746,DB01041
DB00322,DB03904,DB00322
DB00322,DBMET03583,DB00322
DB00322,DBMET03587,DB00322
DB00322,DBMET03590,DB00322
DB00322,DBMET03587,DB00322
DB00322,DBMET03590,DB00322
DB12902,DBMET01150,DB12902
DB01238,DBMET02461,DB01238
DB01275,DBMET02824,DB01275
DB01283,DBMET01286,DB01283
DB01283,DBMET01287,DB01283
DB01283,DBMET01287,DB01283
DB06695,DBMET03392,DB06695
DB08882,DBMET02392,DB08882
DB08912,DBMET03513,DB08912
DB08912,DBMET03514,DB08912
DB08949,DBMET01489,DB08949
DB09081,DBMET01524,DB09081
DB00322,DBMET02006,DB00322
DB00322,DB03904,DB00322
DB11127,DBMET01463,DB11127
DB11127,DBMET01467,DB11127
DB11251,DBMET02037,DB11251
DB11637,DBMET01971,DB11637
DB11637,DBMET01971,DB11637
DB12095,DBMET03555,DB12095
DB13746,DBMET02079,DB13746
DB13746,DBMET02080,DB13746
DB13746,DBMET02081,DB13746
DB13746,DBMET02082,DB13746
DB13746,DBMET02083,DB13746
DB11251,DBMET02038,DB11251
DB11251,DBMET02037,DB11251
DB11251,DBMET02037,DB11251
DB15566,DBMET02856,DB15566
DB15566,DBMET02856,DB15566
DB11635,DBMET02322,DB11635
DB00461,DBMET02533,DB00461
DB00461,DBMET02533,DB00461
DB00675,DBMET02717,DB00675
DB00763,DBMET02767,DB00763
DB00949,DBMET01097,DB00949
DB00993,DBMET01007,DB00993
DB00993,DBMET02967,DB00993
DB00322,DBMET03588,DB00322
DB00322,DBMET03588,DB00322
DB00322,DBMET03585,DB00322
DB00322,DBMET03592,DB00322
DB00322,DBMET03592,DB00322
DB01283,DBMET01288,DB01283
DB08882,DBMET02393,DB08882
DB08949,DBMET01490,DB08949
DB11251,DBMET02038,DB11251
DB11251,DBMET02039,DB11251
DB13746,DBMET02084,DB13746
DB11251,DBMET02039,DB11251
DB11251,DBMET02038,DB11251
DB11251,DBMET02039,DB11251
DB11251,DBMET02038,DB11251
DB11251,DBMET02039,DB11251
DB11635,DBMET02323,DB11635
DB00322,DBMET03585,DB00322
DB00322,DBMET03585,DB00322
DB11251,DBMET02040,DB11251
DB11251,DBMET02040,DB11251
DB11251,DBMET02040,DB11251
DB11251,DBMET02040,DB11251
DB11635,DBMET02324,DB11635
